{
  "type": "botanypots:crop",
  "seed": {
    "item": "garnished:bok_choy_seeds"
  },
  "categories": [
    "dirt",
    "grass"
  ],
  "growthTicks": 1200,
  "display": {
    "block": "garnished:bok_choy_plant"
  },
  "drops": [
    {
      "chance": 1.00,
      "output": {
        "item": "garnished:bok_choy"
      },
      "minRolls": 1,
      "maxRolls": 3
    },    {
      "chance": 0.25,
      "output": {
        "item": "garnished:bok_choy_seeds"
      }
    }
  ]
}