{
  "type": "botanypots:crop",
  "seed": {
    "item": "garnished:sepia_fungus"
  },
  "categories": [
    "soul_sand"
  ],
  "growthTicks": 1200,
  "display": {
    "block": "garnished:sepia_fungus"
  },
  "drops": [
    {
      "chance": 1.00,
      "output": {
        "item": "garnished:sepia_fungus"
      },
      "minRolls": 1,
      "maxRolls": 1
    },
    {
      "chance": 1.00,
      "output": {
        "item": "garnished:sepia_stem"
      },
      "minRolls": 1,
      "maxRolls": 1
    },
    {
      "chance": 0.25,
      "output": {
        "item": "garnished:sepia_wart_block"
      },
      "minRolls": 1,
      "maxRolls": 1
    },
    {
      "chance": 0.05,
      "output": {
        "item": "minecraft:shroomlight"
      },
      "minRolls": 1,
      "maxRolls": 1
    }
  ]
}