{
  "type": "botanypots:crop",
  "seed": {
    "item": "garnished:small_chorus_plant"
  },
  "categories": [
    "end_stone"
  ],
  "growthTicks": 1200,
  "display": {
    "block": "garnished:small_chorus_plant"
  },
  "drops": [
    {
      "chance": 1.00,
      "output": {
        "item": "minecraft:chorus_fruit"
      },
      "minRolls": 1,
      "maxRolls": 2
    },
    {
      "chance": 0.05,
      "output": {
        "item": "garnished:small_chorus_plant"
      },
      "minRolls": 1,
      "maxRolls": 1
    }
  ]
}